Record Id,Campaign Owner ID,Type,Campaign Name,Status,Start Date,End Date,Expected Revenue,Budgeted Cost,Actual Cost,Expected Response,Numbers sent,Created by ID,Modified by ID,Created Time,Modified Time,Description,Currency,Exchange Rate,Layout ID,Tag,User Modified Time,System Related Activity Time,User Related Activity Time,System Modified Time,Parent Campaign Id,Survey Department,Survey Type,Survey,Survey URL,Department ID,Event Name,Event Category,Event Start Date,Event End Date,Event Language,Backstage Portal,Event Location,ROI,Campaign Subject,Sender Name,Sender Address,Reply-to Address,Integration Type
zcrm_1920545000000738001,zcrm_1920545000000097003,Zoho Campaigns,InBody570 interest,Active,,,,,,,,zcrm_1920545000000097003,zcrm_1920545000000097003,2017-04-03 14:23:16,2017-04-03 14:23:16,,INR,1.000000000,zcrm_1920545000000091019,,,2021-02-24 04:42:42,2018-03-30 19:46:37,,,,,,,,,,,,,,,8.03569E7,,,,,Zoho Campaigns
zcrm_1920545000002464039,zcrm_1920545000000097003,Zoho Campaigns,InBody convention 2017 emailer,Active,,,,,,,,zcrm_1920545000000097003,zcrm_1920545000000097003,2017-09-06 19:27:41,2017-09-06 19:27:41,,INR,1.000000000,zcrm_1920545000000091019,,,2021-02-24 04:50:09,2018-03-09 05:02:53,,,,,,,,,,,,,,,1.07139221E8,,,,,Zoho Campaigns
zcrm_1920545000005007042,zcrm_1920545000000097003,Trade Show,Ossicon 2018,Complete,2018-02-22,2018-02-24,,,,,,zcrm_1920545000000097003,zcrm_1920545000000097003,2018-02-21 05:13:24,2018-09-26 00:23:40,,INR,1.000000000,zcrm_1920545000000091019,,2018-09-26 00:23:40,,,,,,,,,,,,,,,,,,,,,,
zcrm_1920545000005235015,zcrm_1920545000000097003,Direct mail,Cold Visit,Inactive,2018-03-06,2018-03-15,,,,,,zcrm_1920545000000097003,zcrm_1920545000000097003,2018-02-28 18:21:18,2018-09-26 11:18:45,,INR,1.000000000,,,2018-09-26 11:18:45,2021-02-24 04:51:12,,,,,,,,,,,,,,,,-3610600.0,,,,,
zcrm_1920545000005435145,zcrm_1920545000000097003,Others,Target Marketing,Inactive,2018-03-15,2018-03-31,2000000.0,50000.0,,,,zcrm_1920545000000097003,zcrm_1920545000000097003,2018-03-07 19:30:34,2018-09-26 11:18:45,Leads Target marketing,INR,1.000000000,,,2018-09-26 11:18:45,2021-02-24 04:51:17,,,,,,,,,,,,,,,,-1.320001E8,,,,,
zcrm_1920545000011819001,zcrm_1920545000001530001,Medical,DIACON,Complete,2018-09-21,2018-09-23,1108800.0,100000.0,132000.0,100000,60,zcrm_1920545000001530001,zcrm_1920545000001530001,2018-10-01 14:31:00,2018-10-28 20:40:20,"Diacon we participated was diabetic conference, we approached more than 300 diabetologist, response was good, we are entering in new segment",INR,1.000000000,,,2018-10-28 20:40:20,2018-10-29 03:33:04,,2018-10-17 23:12:01,,,,,,,,,,,,,,,,,,,
zcrm_1920545000011819112,zcrm_1920545000001530001,Conference,FALS BARRIATRICS,Complete,2018-08-10,2018-08-12,2000000.0,300000.0,400000.0,2000000,,zcrm_1920545000001530001,zcrm_1920545000001530001,2018-10-01 15:34:06,2018-10-01 15:34:06,,INR,1.000000000,,,,2018-11-17 01:50:02,,,,,,,,,,,,,,,,,,,,,
zcrm_1920545000011845031,zcrm_1920545000012076001,Fitness,Gold gym & Ploxing,Complete,2018-08-19,2018-08-19,0.0,0.0,0.0,2000,,zcrm_1920545000011122001,zcrm_1920545000012076001,2018-10-02 19:24:14,2018-10-17 23:12:01,"Gold gym & Ploxing (19 Aug, phoenix Kurla) - Gold gym had a partnership with Ploxing which is USA sports brand combining kick boxing, pilates and dance. they are promoting the event with some celebrates. we gave InBody 270. This event was to keep a great relationship with Gold gym. there was no lead.",INR,1.000000000,,,,,,2018-10-17 23:12:01,,,,,,,,,,,,,,,,,,,
zcrm_1920545000011845037,zcrm_1920545000011122001,,InBody Challenge,,2018-10-08,2018-10-19,,,,,,zcrm_1920545000011122001,zcrm_1920545000011122001,2018-10-03 14:14:10,2018-10-03 14:14:10,,INR,1.000000000,,,,2018-10-15 22:41:44,,,,,,,,,,,,,,,,,,,,,
zcrm_1920545000012080061,zcrm_1920545000002486001,Public Relations,InBody Academia,Complete,2018-11-02,2018-11-03,5000000.0,2000000.0,,,,zcrm_1920545000002486001,zcrm_1920545000002486001,2018-10-09 13:57:52,2019-06-03 14:15:51,InBody Academia for Nutrition,INR,1.000000000,zcrm_1920545000000091019,,2019-06-03 14:15:51,2019-06-04 05:06:16,,,,,,,,,,,,,,,,,,,,,
zcrm_1920545000012119010,zcrm_1920545000011122001,Zoho Campaigns,InBody Challenge 2018,Active,,,,,,,,zcrm_1920545000011122001,zcrm_1920545000011122001,2018-10-10 20:08:48,2018-10-10 20:08:48,,INR,1.000000000,zcrm_1920545000000091019,,,,,,,,,,,,,,,,,,,,,,,,Zoho Campaigns
zcrm_1920545000012119036,zcrm_1920545000011122001,Zoho Campaigns,01. first subscribe,Active,,,,,,,,zcrm_1920545000011122001,zcrm_1920545000011122001,2018-10-10 22:48:03,2018-10-10 22:48:03,,INR,1.000000000,zcrm_1920545000000091019,,,,,,,,,,,,,,,,,,,,,,,,Zoho Campaigns
zcrm_1920545000012428094,zcrm_1920545000012076001,Fitness,Body Power,Complete,,2018-01-14,0.0,0.0,0.0,0,0,zcrm_1920545000012076001,zcrm_1920545000012076001,2018-10-17 23:16:01,2018-10-17 23:16:01,,INR,1.000000000,zcrm_1920545000000091019,,,,,,,,,,,,,,,,,,,,,,,,
zcrm_1920545000012428095,zcrm_1920545000012076001,Medical,Indian Association of Physical Medicine and Rehabilitation,Complete,,2018-01-21,0.0,0.0,0.0,0,0,zcrm_1920545000012076001,zcrm_1920545000012076001,2018-10-17 23:16:01,2018-10-17 23:16:01,,INR,1.000000000,zcrm_1920545000000091019,,,,,,,,,,,,,,,,,,,,,,,,
zcrm_1920545000012428096,zcrm_1920545000012076001,Medical,SIPCON,Complete,,2018-01-28,0.0,0.0,0.0,0,0,zcrm_1920545000012076001,zcrm_1920545000012076001,2018-10-17 23:16:01,2018-10-17 23:16:01,,INR,1.000000000,zcrm_1920545000000091019,,,,,,,,,,,,,,,,,,,,,,,,
zcrm_1920545000012428097,zcrm_1920545000012076001,Medical,Indian Association Of Sports Medicine,Complete,,,0.0,0.0,0.0,0,0,zcrm_1920545000012076001,zcrm_1920545000012076001,2018-10-17 23:16:01,2018-10-17 23:16:01,,INR,1.000000000,zcrm_1920545000000091019,,,,,,,,,,,,,,,,,,,,,,,,
zcrm_1920545000012428098,zcrm_1920545000012076001,Medical,IAGES - Bariatric and metabolic surgery conference,Complete,,,0.0,0.0,0.0,0,0,zcrm_1920545000012076001,zcrm_1920545000012076001,2018-10-17 23:16:01,2018-10-17 23:16:01,,INR,1.000000000,zcrm_1920545000000091019,,,,,,,,,,,,,,,,,,,,,,,,
zcrm_1920545000012428099,zcrm_1920545000012076001,Medical,ISNSCCON,Complete,,,0.0,0.0,0.0,0,0,zcrm_1920545000012076001,zcrm_1920545000012076001,2018-10-17 23:16:01,2018-10-17 23:16:01,,INR,1.000000000,zcrm_1920545000000091019,,,,,,,,,,,,,,,,,,,,,,,,
zcrm_1920545000012428100,zcrm_1920545000012076001,Medical,OSSICON,Complete,2018-02-22,2018-02-24,0.0,0.0,0.0,0,0,zcrm_1920545000012076001,zcrm_1920545000012076001,2018-10-17 23:16:01,2018-10-17 23:16:01,,INR,1.000000000,zcrm_1920545000000091019,,,,,,,,,,,,,,,,,,,,,,,,
zcrm_1920545000012428101,zcrm_1920545000012076001,Medical,ICDM 2018,Complete,2018-02-22,2018-02-23,0.0,0.0,0.0,0,0,zcrm_1920545000012076001,zcrm_1920545000012076001,2018-10-17 23:16:01,2018-10-17 23:16:01,,INR,1.000000000,zcrm_1920545000000091019,,,,,,,,,,,,,,,,,,,,,,,,
zcrm_1920545000012428102,zcrm_1920545000012076001,Medical,International Diabetes Summit,Complete,,,0.0,0.0,0.0,0,0,zcrm_1920545000012076001,zcrm_1920545000012076001,2018-10-17 23:16:01,2018-10-17 23:16:01,,INR,1.000000000,zcrm_1920545000000091019,,,,,,,,,,,,,,,,,,,,,,,,
zcrm_1920545000012428103,zcrm_1920545000012076001,Medical,Medical fair India,Complete,,2018-03-18,0.0,0.0,0.0,0,0,zcrm_1920545000012076001,zcrm_1920545000012076001,2018-10-17 23:16:01,2018-10-17 23:16:01,,INR,1.000000000,zcrm_1920545000000091019,,,,,,,,,,,,,,,,,,,,,,,,
zcrm_1920545000012428104,zcrm_1920545000012076001,Fitness,Fitex,Complete,,,0.0,0.0,0.0,0,0,zcrm_1920545000012076001,zcrm_1920545000012076001,2018-10-17 23:16:01,2018-10-17 23:16:01,,INR,1.000000000,zcrm_1920545000000091019,,,2021-02-24 04:51:10,,,,,,,,,,,,,,,,-1.380001E8,,,,,
zcrm_1920545000012428105,zcrm_1920545000012076001,Medical,International Diabetes Experts Conclave(IDEC),Complete,2018-05-25,2018-05-27,0.0,0.0,0.0,0,0,zcrm_1920545000012076001,zcrm_1920545000012076001,2018-10-17 23:16:01,2018-10-17 23:16:01,,INR,1.000000000,zcrm_1920545000000091019,,,,,,,,,,,,,,,,,,,,,,,,
zcrm_1920545000012428106,zcrm_1920545000012076001,Wellness,Hoteliers Summit(IDE BLR),Complete,2018-05-29,2018-05-30,0.0,0.0,0.0,0,0,zcrm_1920545000012076001,zcrm_1920545000012076001,2018-10-17 23:16:01,2018-10-17 23:16:01,,INR,1.000000000,zcrm_1920545000000091019,,,,,,,,,,,,,,,,,,,,,,,,
zcrm_1920545000012428107,zcrm_1920545000001530001,Medical,IDACON,Complete,2018-09-30,2018-10-02,740000.0,200000.0,250000.0,0,0,zcrm_1920545000012076001,zcrm_1920545000001530001,2018-10-17 23:16:01,2018-10-30 17:09:38,,INR,1.000000000,zcrm_1920545000000091019,,2018-10-30 17:09:38,2021-02-24 04:42:42,,,,,,,,,,,,,,,,-87.2,,,,,
zcrm_1920545000012428108,zcrm_1920545000012076001,Fitness,IHFF,Complete,,2018-10-14,0.0,0.0,0.0,0,0,zcrm_1920545000012076001,zcrm_1920545000012076001,2018-10-17 23:16:01,2018-10-17 23:16:01,,INR,1.000000000,zcrm_1920545000000091019,,,2018-10-18 06:50:04,,,,,,,,,,,,,,,,,,,,,
zcrm_1920545000012428109,zcrm_1920545000012076001,Medical,NSI (golden jubilee conference of nutrition society of india- 50th Annual International Conference),Complete,2018-11-15,2018-11-17,0.0,0.0,0.0,0,0,zcrm_1920545000012076001,zcrm_1920545000012076001,2018-10-17 23:16:01,2018-10-17 23:16:01,,INR,1.000000000,zcrm_1920545000000091019,,,,,,,,,,,,,,,,,,,,,,,,
zcrm_1920545000012428110,zcrm_1920545000012076001,Fitness,Fitness Carnival,Complete,,,0.0,0.0,0.0,0,0,zcrm_1920545000012076001,zcrm_1920545000012076001,2018-10-17 23:16:01,2018-10-17 23:16:01,,INR,1.000000000,zcrm_1920545000000091019,,,,,,,,,,,,,,,,,,,,,,,,
zcrm_1920545000012428111,zcrm_1920545000012076001,Medical,"Best-MetaSurg 2018, Pune",Complete,2018-06-15,2018-06-16,0.0,0.0,0.0,0,0,zcrm_1920545000012076001,zcrm_1920545000012076001,2018-10-17 23:16:01,2018-10-17 23:16:01,,INR,1.000000000,zcrm_1920545000000091019,,,,,,,,,,,,,,,,,,,,,,,,
zcrm_1920545000012428112,zcrm_1920545000012076001,Wellness,"Central Mall Event, Mumbai",Complete,2018-06-16,2018-06-17,0.0,0.0,0.0,0,0,zcrm_1920545000012076001,zcrm_1920545000012076001,2018-10-17 23:16:01,2018-10-17 23:16:01,,INR,1.000000000,zcrm_1920545000000091019,,,,,,,,,,,,,,,,,,,,,,,,
zcrm_1920545000012428113,zcrm_1920545000012076001,Fitness,Judo Compeition Event,Complete,2018-06-15,2018-06-16,0.0,0.0,0.0,0,0,zcrm_1920545000012076001,zcrm_1920545000012076001,2018-10-17 23:16:01,2018-10-17 23:16:01,,INR,1.000000000,zcrm_1920545000000091019,,,,,,,,,,,,,,,,,,,,,,,,
zcrm_1920545000012428114,zcrm_1920545000012076001,Medical,IDAAGM,Complete,2018-06-23,2018-06-23,0.0,0.0,0.0,0,0,zcrm_1920545000012076001,zcrm_1920545000012076001,2018-10-17 23:16:01,2018-10-17 23:16:01,,INR,1.000000000,zcrm_1920545000000091019,,,,,,,,,,,,,,,,,,,,,,,,
zcrm_1920545000012428115,zcrm_1920545000012076001,Wellness,Danone Event,Complete,,,0.0,0.0,0.0,0,0,zcrm_1920545000012076001,zcrm_1920545000012076001,2018-10-17 23:16:01,2018-10-17 23:16:01,,INR,1.000000000,zcrm_1920545000000091019,,,,,,,,,,,,,,,,,,,,,,,,
zcrm_1920545000012428116,zcrm_1920545000012076001,Wellness,MHWTC (1st Heatlh & Wellness Tourism),Complete,2018-06-30,2018-06-30,0.0,0.0,0.0,0,0,zcrm_1920545000012076001,zcrm_1920545000012076001,2018-10-17 23:16:01,2018-10-17 23:16:01,,INR,1.000000000,zcrm_1920545000000091019,,,,,,,,,,,,,,,,,,,,,,,,
zcrm_1920545000012428117,zcrm_1920545000012076001,Fitness,Sport India 2018-“6th India International Sporting Goods Show,Complete,,,0.0,0.0,0.0,0,0,zcrm_1920545000012076001,zcrm_1920545000012076001,2018-10-17 23:16:01,2018-10-17 23:16:01,,INR,1.000000000,zcrm_1920545000000091019,,,,,,,,,,,,,,,,,,,,,,,,
zcrm_1920545000012428118,zcrm_1920545000012076001,Medical,FALS Barriatrics-Ahmedabad,Complete,,,0.0,0.0,0.0,0,0,zcrm_1920545000012076001,zcrm_1920545000012076001,2018-10-17 23:16:01,2018-10-17 23:16:01,,INR,1.000000000,zcrm_1920545000000091019,,,,,,,,,,,,,,,,,,,,,,,,
zcrm_1920545000012428119,zcrm_1920545000012076001,Medical,AICNU,Complete,,,0.0,0.0,0.0,0,0,zcrm_1920545000012076001,zcrm_1920545000012076001,2018-10-17 23:16:01,2018-10-17 23:16:01,,INR,1.000000000,zcrm_1920545000000091019,,,,,,,,,,,,,,,,,,,,,,,,
zcrm_1920545000012428120,zcrm_1920545000012076001,Medical,IDF Diabetes Complications Congress 2018,Complete,2018-10-25,2018-10-26,0.0,0.0,0.0,0,0,zcrm_1920545000012076001,zcrm_1920545000012076001,2018-10-17 23:16:01,2018-10-17 23:16:01,,INR,1.000000000,zcrm_1920545000000091019,,,,,,,,,,,,,,,,,,,,,,,,
zcrm_1920545000012428121,zcrm_1920545000012076001,Medical,IT healthcare congress & Awards Goa,Complete,2018-10-26,2018-10-27,0.0,0.0,0.0,0,0,zcrm_1920545000012076001,zcrm_1920545000012076001,2018-10-17 23:16:01,2018-10-17 23:16:01,,INR,1.000000000,zcrm_1920545000000091019,,,,,,,,,,,,,,,,,,,,,,,,
zcrm_1920545000012428122,zcrm_1920545000012076001,Medical,SRNMCOM 2018,Complete,,,0.0,0.0,0.0,0,0,zcrm_1920545000012076001,zcrm_1920545000012076001,2018-10-17 23:16:01,2018-10-17 23:16:01,,INR,1.000000000,zcrm_1920545000000091019,,,,,,,,,,,,,,,,,,,,,,,,
zcrm_1920545000012428123,zcrm_1920545000012076001,Medical,IMAFEST 2018 of IMA Dombivli,Complete,,,0.0,0.0,0.0,0,0,zcrm_1920545000012076001,zcrm_1920545000012076001,2018-10-17 23:16:01,2018-10-17 23:16:01,,INR,1.000000000,zcrm_1920545000000091019,,,,,,,,,,,,,,,,,,,,,,,,
zcrm_1920545000013126001,zcrm_1920545000012187001,Others,InBody Challenge,Active,2018-11-06,2018-12-28,,,,,,zcrm_1920545000012187001,zcrm_1920545000012187001,2018-11-06 15:35:17,2018-11-06 15:35:17,,INR,1.000000000,,,,,,,,,,,,,,,,,,,,,,,,,
zcrm_1920545000017316125,zcrm_1920545000012187001,Conference,Futuristic summit 2019,Complete,2019-04-26,2019-04-27,,,51500.0,,,zcrm_1920545000016756022,zcrm_1920545000016756022,2019-04-08 17:58:27,2019-10-10 13:33:09,"Futuristic summit 2019 will bring together 200+ delegates participating from the healthcare institutions and technology solution providers for a day of panels, roundtables and candid conversations under the theme ""harnessing the power of technology in healthcare. The idea of the summit is to focus on hot topics like artificial intelligence, electronic health records, IOT in healthcare and many more. The summit aims to cover new strategic concepts and discuss forward thinking trends, rebuilding healthcare from mega advancements  in  next gen hospitalisation for patient centre care.",INR,1.000000000,zcrm_1920545000000091019,,2019-10-10 13:33:09,,2019-10-16 04:06:56,,,,,,,,,,,,,,,,,,,,
zcrm_1920545000017632035,zcrm_1920545000011122001,Zoho Campaigns,2019 1Q hospital mass email,Active,,,,,,,,zcrm_1920545000011122001,zcrm_1920545000011122001,2019-04-22 22:01:16,2019-04-22 22:01:16,,INR,1.000000000,zcrm_1920545000000091019,,,,,,,,,,,,,,,,,,,,,,,,Zoho Campaigns
zcrm_1920545000019020002,zcrm_1920545000000097003,Zoho Backstage,IHFF Delhi,Complete,,,0.0,0.0,200000.0,0,0,zcrm_1920545000000097003,zcrm_1920545000016756022,2019-06-17 17:16:22,2019-10-15 21:02:56,,INR,1.000000000,zcrm_1920545000019003063,,2019-10-15 21:02:56,,,2019-06-26 18:27:03,,,,,,,IHFF Delhi,Others,2019-07-17 11:30:00,2019-07-20 20:30:00,English,InBody India Pvt Ltd.,-,,,,,,Zoho Backstage
zcrm_1920545000019631132,zcrm_1920545000001530001,Conference,IDEC-Pune 2019,Complete,2019-06-28,2019-06-30,1200000.0,,30000.0,,,zcrm_1920545000001530001,zcrm_1920545000001530001,2019-07-07 23:50:16,2019-07-07 23:50:16,idec event pune completed,INR,1.000000000,zcrm_1920545000000091019,,,,,,,,,,,,,,,,,,,,,,,,
zcrm_1920545000020023052,zcrm_1920545000016250029,Trade Show,FEA,Complete,2019-07-13,2019-07-13,,0.0,0.0,0,0,zcrm_1920545000016250029,zcrm_1920545000016250029,2019-07-18 23:36:40,2019-07-18 23:36:40,,INR,1.000000000,zcrm_1920545000000091019,,,,2019-07-19 06:37:37,,,,,,,,,,,,,,,,,,,,
zcrm_1920545000021726001,zcrm_1920545000016756022,Trade Show,Express Food and Hospitality - Bangalore,Complete,2019-06-13,2019-06-15,,180000.0,160000.0,11,25,zcrm_1920545000016756022,zcrm_1920545000016756022,2019-09-20 20:20:01,2019-09-20 21:16:06,Start campaign and penetrate the hospitality market in India,INR,1.000000000,zcrm_1920545000000091019,,2019-09-20 21:16:06,2019-09-21 03:25:17,,,,,,,,,,,,,,,,,,,,,
zcrm_1920545000022037071,zcrm_1920545000019189004,Others,Hotel market  Q4 2019 (30Lakh),Planning,2019-10-07,2019-12-31,,,,,,zcrm_1920545000019189004,zcrm_1920545000019189004,2019-10-07 23:24:02,2019-10-07 23:41:17,Please update about all the hotel market,INR,1.000000000,,,2019-10-07 23:41:17,,,,,,,,,,,,,,,,,,,,,,
zcrm_1920545000022104001,zcrm_1920545000016756022,Conference,Ossicon 2019,Complete,2019-01-09,2019-10-10,900000.0,,250000.0,3,,zcrm_1920545000016756022,zcrm_1920545000016756022,2019-10-10 12:21:55,2019-10-10 12:22:57,1 A leads- Apollo Hospital  & 1 conversion -  Mr. Ashok Reddy - Gleneagles Global Hospital Hyderabad,INR,1.000000000,,,2019-10-10 12:22:57,2021-02-24 04:51:17,,,,,,,,,,,,,,,,-761.2,,,,,
zcrm_1920545000022104023,zcrm_1920545000016756022,Conference,ATF Convention,Complete,2019-02-14,2019-10-15,,,300000.0,5,,zcrm_1920545000016756022,zcrm_1920545000016756022,2019-10-10 13:19:51,2019-10-10 13:19:51,3 ATF gym conversions out of 5 franchisees qualified,INR,1.000000000,,,,,2019-10-16 02:01:01,,,,,,,,,,,,,,,,,,,,
zcrm_1920545000022104029,zcrm_1920545000016756022,Trade Show,IAPEN,Complete,2019-02-09,2019-10-10,,,100000.0,2,,zcrm_1920545000016756022,zcrm_1920545000016756022,2019-10-10 13:24:17,2019-10-10 13:24:17,1 A Lead & 1 Deal,INR,1.000000000,,,,,,,,,,,,,,,,,,,,,,,,,
zcrm_1920545000022104035,zcrm_1920545000016756022,Trade Show,IHDBS Gurgaon,Complete,2019-03-13,2019-10-14,,,100000.0,3,,zcrm_1920545000016756022,zcrm_1920545000016756022,2019-10-10 13:29:30,2019-10-10 13:29:30,2 A leads & 1 Deal,INR,1.000000000,,,,,,,,,,,,,,,,,,,,,,,,,
zcrm_1920545000022104047,zcrm_1920545000001029001,Trade Show,Breaking through gynaecologists,Complete,2019-08-09,2019-08-10,,,200000.0,0,,zcrm_1920545000016756022,zcrm_1920545000016756022,2019-10-10 15:13:04,2019-10-18 22:41:02,12leads . Not a very relevant. Most participants were from Surgery equipment companies & rest were Pharma,INR,1.000000000,,,2019-10-18 22:41:02,,,,,,,,,,,,,,,,,,,,,,
zcrm_1920545000022104056,zcrm_1920545000001530001,Trade Show,AC Indoor Rowing Championship,Complete,2019-08-17,2019-08-18,,,30000.0,2,,zcrm_1920545000016756022,zcrm_1920545000016756022,2019-10-10 15:29:08,2019-10-10 15:36:09,2 expected conversions,INR,1.000000000,,,2019-10-10 15:36:09,,,,,,,,,,,,,,,,,,,,,,
zcrm_1920545000022104062,zcrm_1920545000000097003,Conference,CSR summit,Complete,2019-09-24,2019-10-25,,,200000.0,2,,zcrm_1920545000016756022,zcrm_1920545000016756022,2019-10-10 15:35:20,2019-10-10 15:35:40,2 closures expected,INR,1.000000000,,,2019-10-10 15:35:40,,,,,,,,,,,,,,,,,,,,,,
zcrm_1920545000022104081,zcrm_1920545000016756022,Conference,InBody ácademia DIACON,Complete,2019-09-27,2019-09-29,,,260000.0,4,,zcrm_1920545000016756022,zcrm_1920545000016756022,2019-10-10 15:48:38,2019-10-18 21:24:52,4 closures expected,INR,1.000000000,,,2019-10-18 21:24:52,,,,,,,,,,,,,,,,,,,,,,
zcrm_1920545000022150001,zcrm_1920545000016756022,Trade Show,IHFF Bangalore,Complete,2019-02-24,2019-02-25,,,100000.0,,,zcrm_1920545000016756022,zcrm_1920545000016756022,2019-10-11 14:07:28,2019-10-11 14:07:28,"5 MQL , 0 leads and 0 conversions",INR,1.000000000,,,,,,,,,,,,,,,,,,,,,,,,,
zcrm_1920545000022150011,zcrm_1920545000016756022,Trade Show,Endobesity,Complete,2019-02-23,2019-02-24,,,100000.0,,,zcrm_1920545000016756022,zcrm_1920545000016756022,2019-10-11 14:23:38,2019-10-11 14:23:38,Some B leads which had a fallout after,INR,1.000000000,,,,,,,,,,,,,,,,,,,,,,,,,
zcrm_1920545000022150025,zcrm_1920545000016756022,Trade Show,Medinspire,Complete,2019-02-15,2019-02-17,,,75000.0,,,zcrm_1920545000016756022,zcrm_1920545000016756022,2019-10-11 14:58:18,2019-10-11 14:58:18,No Good leads. Only 2 old leads,INR,1.000000000,,,,,,,,,,,,,,,,,,,,,,,,,
zcrm_1920545000022150044,zcrm_1920545000016756022,Trade Show,InBody ácademia Goa,Complete,2019-02-24,2019-02-25,150000.0,,,0,,zcrm_1920545000016756022,zcrm_1920545000016756022,2019-10-11 15:33:41,2019-10-11 15:33:57,Poor response,INR,1.000000000,,,2019-10-11 15:33:57,,,,,,,,,,,,,,,,,,,,,,
zcrm_1920545000022150053,zcrm_1920545000016756022,Trade Show,Fit Pro Summit,Complete,2019-02-12,2019-02-13,,,400000.0,,,zcrm_1920545000016756022,zcrm_1920545000016756022,2019-10-11 16:03:20,2019-10-11 16:03:20,5 Fit Pro ; 4 B- Braun,INR,1.000000000,,,,,,,,,,,,,,,,,,,,,,,,,
zcrm_1920545000022150059,zcrm_1920545000016756022,Trade Show,Mumbaishree,Complete,2019-02-23,2019-02-24,,,25500.0,0,,zcrm_1920545000016756022,zcrm_1920545000016756022,2019-10-11 17:19:02,2019-10-11 17:19:02,Poor response - No leads,INR,1.000000000,,,,,,,,,,,,,,,,,,,,,,,,,
zcrm_1920545000022150065,zcrm_1920545000016756022,Trade Show,Khelo India,Complete,,,,,5500.0,0,,zcrm_1920545000016756022,zcrm_1920545000016756022,2019-10-11 17:20:13,2019-10-11 17:20:13,No Leads,INR,1.000000000,,,,,,,,,,,,,,,,,,,,,,,,,
zcrm_1920545000022150071,zcrm_1920545000016756022,Trade Show,Vibrant Gujarat,Complete,2019-01-12,2019-01-13,,,20000.0,,,zcrm_1920545000016756022,zcrm_1920545000016756022,2019-10-11 17:26:02,2019-10-11 17:26:02,6 hot leads,INR,1.000000000,,,,,,,,,,,,,,,,,,,,,,,,,
zcrm_1920545000022150105,zcrm_1920545000016756022,Trade Show,IDEC Hyderabad,Complete,2019-05-18,2019-05-19,,,60000.0,0,,zcrm_1920545000016756022,zcrm_1920545000016756022,2019-10-11 19:14:21,2019-10-11 19:24:21,,INR,1.000000000,,,2019-10-11 19:24:21,,,,,,,,,,,,,,,,,,,,,,
zcrm_1920545000022204608,zcrm_1920545000016756022,Trade Show,Diabetes India,Complete,2019-02-28,2020-03-03,,,35500.0,,,zcrm_1920545000016756022,zcrm_1920545000016756022,2019-10-15 18:37:55,2019-10-15 18:37:55,,INR,1.000000000,,,,,2019-10-16 01:46:51,,,,,,,,,,,,,,,,,,,,
zcrm_1920545000022204805,zcrm_1920545000001530001,Trade Show,Indian association of physiotherapy,Complete,2019-05-05,2019-05-05,,,27000.0,,,zcrm_1920545000016756022,zcrm_1920545000016756022,2019-10-15 20:42:26,2020-01-13 17:43:32,,INR,1.000000000,,,2020-01-13 17:43:32,2020-01-14 01:43:33,2019-10-16 04:11:45,,,,,,,,,,,,,,,,,,,,
zcrm_1920545000022204843,zcrm_1920545000016756022,Trade Show,Inspire India Summit,Complete,2019-05-26,2019-05-26,,,50000.0,,,zcrm_1920545000016756022,zcrm_1920545000016756022,2019-10-15 21:09:27,2019-10-15 21:09:27,,INR,1.000000000,,,,,2019-10-16 04:13:38,,,,,,,,,,,,,,,,,,,,
zcrm_1920545000023134034,zcrm_1920545000001029001,Trade Show,NSI (Nutrition Society of India) Trivandrum,Complete,2019-11-07,2019-11-09,1000000.0,50000.0,46500.0,,,zcrm_1920545000016756022,zcrm_1920545000016756022,2019-11-14 12:46:51,2019-11-14 15:06:47,"It was a good event for exposure.Not as good for Lead Generation. Many participants were students. Few doctors were there. Overall 5/10
Mostly all students who had registered for the conference; Some dietitians ; Few doctors / Existing users – University of Mysore.

These event can be used for exposure and display for Awareness for InBody (Mostly in students)

Not very productive related to Lead Generation",INR,1.000000000,zcrm_1920545000000091019,,2019-11-14 15:06:47,2019-11-14 23:06:47,,,,,,,,,,,,,,,,,,,,,
zcrm_1920545000023259001,zcrm_1920545000000097003,Trade Show,IHFF Mumbai,Complete,2019-11-15,2019-11-17,2.5E7,800000.0,800000.0,70,,zcrm_1920545000016756022,zcrm_1920545000016756022,2019-11-18 14:34:24,2019-11-18 14:34:24,,INR,1.000000000,zcrm_1920545000000091019,,,2021-04-21 04:28:01,2019-12-05 04:25:38,,,,,,,,,,,,,,,,,,,,
zcrm_1920545000023890053,zcrm_1920545000016756022,Advertisement,New Market Campaign,Active,2019-12-01,2019-12-31,,40000.0,50000.0,,,zcrm_1920545000016756022,zcrm_1920545000016756022,2019-12-10 22:08:17,2020-01-13 17:41:16,Handout and mail sent to the corporate. Cost includes Printing and logistics for handouts.,INR,1.000000000,zcrm_1920545000000091019,,2020-01-13 17:41:16,2020-01-14 01:41:16,,,,,,,,,,,,,,,,,,,,,
zcrm_1920545000023890194,zcrm_1920545000000097003,Trade Show,FitExpo2019,Complete,2019-12-06,2019-12-08,2500000.0,360000.0,373000.0,,,zcrm_1920545000016756022,zcrm_1920545000016756022,2019-12-11 19:53:24,2020-01-13 18:07:07,This event is sponsored by kotra. Event held in Kolkata,INR,1.000000000,zcrm_1920545000000091019,,2020-01-13 18:07:07,2020-03-04 03:31:12,,,,,,,,,,,,,,,,,,,,,
zcrm_1920545000024029125,zcrm_1920545000001284001,Conference,Obecon 2019,Complete,2019-12-15,2019-12-15,1000000.0,40000.0,55000.0,,,zcrm_1920545000016756022,zcrm_1920545000016756022,2019-12-16 15:24:35,2020-01-13 17:21:15,"Obecon, Patna",INR,1.000000000,zcrm_1920545000000091019,,2020-01-13 17:21:15,2020-01-14 01:21:16,,,,,,,,,,,,,,,,,,,,,
zcrm_1920545000024197001,zcrm_1920545000001530001,Trade Show,IDACON 2019,Complete,2019-12-19,2019-12-21,2500000.0,185000.0,191000.0,,,zcrm_1920545000016756022,zcrm_1920545000016756022,2019-12-23 12:39:28,2020-01-13 17:26:38,IDACON ahmedabad. Dietitian conference.,INR,1.000000000,zcrm_1920545000000091019,,2020-01-13 17:26:38,2021-02-24 04:49:51,,,,,,,,,,,,,,,,-395.29,,,,,
zcrm_1920545000024792001,zcrm_1920545000016756022,Others,Inbound Enquiries,Active,2020-01-01,2020-12-31,,,,,,zcrm_1920545000016756022,zcrm_1920545000016756022,2020-01-14 15:32:05,2020-01-14 15:32:05,Inbound lead will be added to this campaign and we can check how much revenue we are getting through Our Inbound Enquires,INR,1.000000000,zcrm_1920545000000091019,,,2021-06-30 21:31:23,,,,,,,,,,,,,,,,1.25822468E8,,,,,
zcrm_1920545000024835185,zcrm_1920545000003466001,Trade Show,Sun pharma event Kolkata,Complete,,,2000000.0,20000.0,25000.0,,,zcrm_1920545000016756022,zcrm_1920545000016756022,2020-01-15 14:51:58,2020-01-15 14:51:58,,INR,1.000000000,zcrm_1920545000000091019,,,2020-01-15 22:51:58,,,,,,,,,,,,,,,,,,,,,
zcrm_1920545000025365342,zcrm_1920545000011182001,Trade Show,Naresh surya classic 2020,Complete,2020-01-25,2020-01-26,2000000.0,40000.0,41462.0,,,zcrm_1920545000016756022,zcrm_1920545000016756022,2020-02-07 20:44:27,2020-02-07 20:44:27,total test done 672,INR,1.000000000,zcrm_1920545000000091019,,,2021-02-24 04:49:51,,,,,,,,,,,,,,,,-901.09,,,,,
zcrm_1920545000025665063,zcrm_1920545000024857001,Trade Show,KSCASICON,Complete,2020-02-14,2020-02-16,2000000.0,30000.0,30000.0,,,zcrm_1920545000016756022,zcrm_1920545000016756022,2020-02-18 17:45:06,2020-02-18 17:45:06,"Karnataka State association of surgeons of India, Bangaluru",INR,1.000000000,zcrm_1920545000000091019,,,2020-02-19 01:45:06,,,,,,,,,,,,,,,,,,,,,
zcrm_1920545000026011001,zcrm_1920545000006702001,Trade Show,Ossicon 2020,,2020-02-27,2020-02-29,,,,,,zcrm_1920545000016756022,zcrm_1920545000016756022,2020-02-28 21:17:58,2020-02-28 21:17:58,,INR,1.000000000,zcrm_1920545000000091019,,,2020-03-18 21:32:14,,,,,,,,,,,,,,,,,,,,,
zcrm_1920545000026260191,zcrm_1920545000001670001,Trade Show,Medical Fair 2020,Complete,2020-03-05,2020-03-07,3000000.0,150000.0,180000.0,,,zcrm_1920545000016756022,zcrm_1920545000016756022,2020-03-09 17:14:28,2020-03-09 17:14:28,,INR,1.000000000,zcrm_1920545000000091019,,,2020-03-10 05:10:55,,,,,,,,,,,,,,,,,,,,,
zcrm_1920545000026299001,zcrm_1920545000001530001,Others,Medical IMP client,Active,2020-01-01,2020-12-31,,,,,,zcrm_1920545000016756022,zcrm_1920545000016756022,2020-03-11 12:16:46,2020-03-11 12:16:46,,INR,1.000000000,zcrm_1920545000000091019,,,2020-06-19 05:38:24,2021-02-08 18:12:58,,,,,,,,,,,,,,,,,,,,
zcrm_1920545000027177001,zcrm_1920545000000097003,Email,Covid,,,,,,,,,zcrm_1920545000000097003,zcrm_1920545000000097003,2020-04-17 13:19:42,2020-04-17 13:19:42,,INR,1.000000000,zcrm_1920545000000091019,,,2020-04-17 20:19:42,,,,,,,,,,,,,,,,,,,,,
zcrm_1920545000027177017,zcrm_1920545000000097003,Email,Research list,,,,,,,,,zcrm_1920545000000097003,zcrm_1920545000000097003,2020-04-17 13:22:17,2020-04-17 13:22:17,,INR,1.000000000,zcrm_1920545000000091019,,,2020-04-17 20:22:17,,,,,,,,,,,,,,,,,,,,,
zcrm_1920545000027643032,zcrm_1920545000003466001,Others,DIxita LinkedIn output,Active,2020-01-01,2020-12-31,2500000.0,,,,,zcrm_1920545000016756022,zcrm_1920545000016756022,2020-06-04 19:50:25,2020-06-04 19:50:25,Leads pipeline and revenue by LinkedIn from Dixita,INR,1.000000000,zcrm_1920545000000091019,,,2020-06-05 03:28:45,,,,,,,,,,,,,,,,,,,,,
zcrm_1920545000027678001,zcrm_1920545000001670001,Conference,InBody Academia Mumbai -IMA,Complete,2019-11-10,2019-11-10,2000000.0,150000.0,200000.0,,,zcrm_1920545000016756022,zcrm_1920545000016756022,2020-06-05 19:22:12,2020-06-05 19:54:03,,INR,1.000000000,zcrm_1920545000000091019,,2020-06-05 19:54:03,2020-06-06 02:54:03,,,,,,,,,,,,,,,,,,,,,
zcrm_1920545000027678017,zcrm_1920545000003466001,Conference,InBody academia chennai,Complete,2019-08-17,2019-08-17,1500000.0,200000.0,270000.0,,,zcrm_1920545000016756022,zcrm_1920545000016756022,2020-06-05 19:53:35,2020-06-06 21:13:10,,INR,1.000000000,zcrm_1920545000000091019,,2020-06-06 21:13:10,2020-06-07 04:13:10,,,,,,,,,,,,,,,,,,,,,
zcrm_1920545000027869033,zcrm_1920545000016756022,Email,InBody dial enquiries,Planning,2020-01-01,2020-12-31,,,,,,zcrm_1920545000016756022,zcrm_1920545000016756022,2020-06-16 04:03:08,2020-06-17 17:56:14,,INR,1.000000000,zcrm_1920545000000091019,,2020-06-17 17:56:14,2020-07-10 22:53:48,,,,,,,,,,,,,,,,,,,,,
zcrm_1920545000028201001,zcrm_1920545000016756022,Public Relations,Instagram Lead,Active,2020-06-01,2020-12-31,,,,,,zcrm_1920545000016756022,zcrm_1920545000016756022,2020-07-03 19:19:29,2020-07-03 19:19:29,,INR,1.000000000,zcrm_1920545000000091019,,,2020-07-14 09:37:46,,,,,,,,,,,,,,,,,,,,,
zcrm_1920545000028201017,zcrm_1920545000016756022,Referral Program,InBody referral program,Active,2020-07-01,2020-12-31,,,,,,zcrm_1920545000016756022,zcrm_1920545000016756022,2020-07-03 19:20:29,2020-07-03 19:20:29,,INR,1.000000000,zcrm_1920545000000091019,,,2020-07-07 11:00:53,,,,,,,,,,,,,,,,,,,,,
zcrm_1920545000033649001,zcrm_1920545000016756022,Email,test mail,Planning,2021-01-29,2021-01-29,,,,,,zcrm_1920545000016756022,zcrm_1920545000016756022,2021-01-29 21:34:50,2021-01-29 21:34:50,Email campaign,INR,1.000000000,zcrm_1920545000000091019,,,2021-06-22 20:55:33,,,,,,,,,,,,,,,,1.5182E7,,,,,
zcrm_1920545000033696003,zcrm_1920545000011122001,Zoho Campaigns,Lead Followup campaign,Active,,,,,,,,zcrm_1920545000011122001,zcrm_1920545000011122001,2021-02-01 14:25:28,2021-02-01 14:25:28,,INR,1.000000000,zcrm_1920545000032130001,,,2021-02-01 22:25:28,,,,,,,,,,,,,,,,0.0,Inbody- Best Body composition Analyzers,Prasad Gosavi,prasad@inbody.com,prasad@inbody.com,
zcrm_1920545000034707085,zcrm_1920545000016756022,Partners,Channel Partners-Aaruni,Active,2021-02-24,,3.0E7,,,,,zcrm_1920545000016756022,zcrm_1920545000016756022,2021-02-24 16:49:47,2021-02-24 17:40:01,,INR,1.000000000,zcrm_1920545000000091019,,2021-02-24 17:40:01,2021-04-01 01:38:16,,,,,,,,,,,,,,,,0.0,,,,,
zcrm_1920545000035102022,zcrm_1920545000011122001,Zoho Campaigns,School / Childcare campaign,Active,,,,,,,,zcrm_1920545000011122001,zcrm_1920545000011122001,2021-03-08 13:11:26,2021-03-08 13:11:26,,INR,1.000000000,zcrm_1920545000032130001,,,2021-03-08 21:11:27,,,,,,,,,,,,,,,,0.0,Are your child healthy?,InBody India,india@inbody.com,india@inbody.com,Zoho Campaigns
zcrm_1920545000035115013,zcrm_1920545000011122001,Zoho Campaigns,Lead generation by Grace,Active,,,,,,,,zcrm_1920545000011122001,zcrm_1920545000011122001,2021-03-08 13:01:02,2021-03-08 13:01:02,,INR,1.000000000,zcrm_1920545000032130001,,,2021-03-08 21:01:02,,,,,,,,,,,,,,,,0.0,Are your child healthy?,InBody India,india@inbody.com,india@inbody.com,Zoho Campaigns
zcrm_1920545000035117031,zcrm_1920545000000097003,Zoho Campaigns,School / Childcare campaign,Active,,,,,,,,zcrm_1920545000000097003,zcrm_1920545000000097003,2021-03-08 13:11:25,2021-03-08 13:11:25,,INR,1.000000000,zcrm_1920545000032130001,,,2021-03-08 21:11:26,,,,,,,,,,,,,,,,0.0,Are your child healthy?,InBody India,india@inbody.com,india@inbody.com,Zoho Campaigns
zcrm_1920545000035331011,zcrm_1920545000011122001,Zoho Campaigns,Team A _Hospital (12/03/2021),Active,,,,,,,,zcrm_1920545000011122001,zcrm_1920545000011122001,2021-03-12 12:42:41,2021-03-12 12:42:41,,INR,1.000000000,zcrm_1920545000032130001,,,2021-03-12 20:42:41,,,,,,,,,,,,,,,,0.0,InBody is here for your healthcare.,InBody India,india@inbody.com,india@inbody.com,Zoho Campaigns
zcrm_1920545000035339001,zcrm_1920545000011122001,Zoho Campaigns,Team A _test1,Active,,,,,,,,zcrm_1920545000011122001,zcrm_1920545000011122001,2021-03-12 12:25:08,2021-03-12 12:25:08,,INR,1.000000000,zcrm_1920545000032130001,,,2021-03-12 20:25:08,,,,,,,,,,,,,,,,0.0,"$[UD:COMPANYNAME|company name|company name]$, Why Body Composition Analysis is required?",InBody India,india@inbody.com,india@inbody.com,Zoho Campaigns
zcrm_1920545000035340001,zcrm_1920545000000097003,Zoho Campaigns,Team A _Hospital (12/03/2021),Active,,,,,,,,zcrm_1920545000000097003,zcrm_1920545000000097003,2021-03-12 12:42:40,2021-03-12 12:42:40,,INR,1.000000000,zcrm_1920545000032130001,,,2021-03-12 20:42:40,,,,,,,,,,,,,,,,0.0,InBody is here for your healthcare.,InBody India,india@inbody.com,india@inbody.com,Zoho Campaigns
zcrm_1920545000035547011,zcrm_1920545000000097003,Zoho Campaigns,Obstetric Doctor list ver.1,Active,,,,,,,,zcrm_1920545000000097003,zcrm_1920545000000097003,2021-03-18 19:07:00,2021-03-18 19:07:00,,INR,1.000000000,zcrm_1920545000032130001,,,2021-03-19 02:07:01,,,,,,,,,,,,,,,,0.0,How we help mother's wellness,InBody India,india@inbody.com,india@inbody.com,Zoho Campaigns
zcrm_1920545000035578001,zcrm_1920545000011122001,Zoho Campaigns,Obstetric Doctor list ver.1,Active,,,,,,,,zcrm_1920545000011122001,zcrm_1920545000011122001,2021-03-18 19:07:02,2021-03-18 19:07:02,,INR,1.000000000,zcrm_1920545000032130001,,,2021-03-19 02:07:02,,,,,,,,,,,,,,,,0.0,How we help mother's wellness,InBody India,india@inbody.com,india@inbody.com,Zoho Campaigns
zcrm_1920545000035699014,zcrm_1920545000016756022,Referral Program,Star Project-Sales/ lead generation - Ankita,Active,2021-01-01,2021-12-31,,,,,,zcrm_1920545000016756022,zcrm_1920545000016756022,2021-03-23 13:00:09,2021-07-14 01:45:30,Ankita references for S10.,INR,1.000000000,zcrm_1920545000000091019,,2021-07-14 01:45:30,2021-07-14 01:45:31,,,,,,,,,,,,,,,,1.7775815E8,,,,,
zcrm_1920545000035699038,zcrm_1920545000016756022,Referral Program,Star Project-Government sales - Karn,Active,2021-01-01,2021-12-31,,,,,,zcrm_1920545000016756022,zcrm_1920545000016756022,2021-03-23 13:08:45,2021-03-23 13:19:04,"Karn's Government sales leads, deals and reveneu calculation via campaign for this year",INR,1.000000000,zcrm_1920545000000091019,,2021-03-23 13:19:04,2021-03-23 20:19:04,,,,,,,,,,,,,,,,0.0,,,,,
zcrm_1920545000035699054,zcrm_1920545000016756022,Public Relations,Star Project-Bariatric sales - Mahesh campaign,Active,2021-01-01,2021-12-31,,,,,,zcrm_1920545000016756022,zcrm_1920545000016756022,2021-03-23 13:10:46,2021-03-23 13:19:33,"Bariatric sales campaign by Mahesh To calculate Leads, deals and sales for Bariatric.",INR,1.000000000,zcrm_1920545000000091019,,2021-03-23 13:19:33,2021-03-23 20:19:34,,,,,,,,,,,,,,,,0.0,,,,,
zcrm_1920545000035800004,zcrm_1920545000000097003,Zoho Campaigns,Open recipient (Obstetric),Active,,,,,,,,zcrm_1920545000000097003,zcrm_1920545000000097003,2021-03-25 12:52:56,2021-03-25 12:52:56,,INR,1.000000000,zcrm_1920545000032130001,,,2021-03-25 19:52:56,,,,,,,,,,,,,,,,0.0,Is anything prepared for upcoming Mother's day?,InBody,india@inbody.com,india@inbody.com,Zoho Campaigns
zcrm_1920545000035817010,zcrm_1920545000011122001,Zoho Campaigns,Open recipient (Obstetric),Active,,,,,,,,zcrm_1920545000011122001,zcrm_1920545000011122001,2021-03-25 12:52:57,2021-03-25 12:52:57,,INR,1.000000000,zcrm_1920545000032130001,,,2021-03-25 19:52:57,,,,,,,,,,,,,,,,0.0,Is anything prepared for upcoming Mother's day?,InBody,india@inbody.com,india@inbody.com,Zoho Campaigns
zcrm_1920545000035822008,zcrm_1920545000011122001,Zoho Campaigns,Obstetric offer,Active,,,,,,,,zcrm_1920545000011122001,zcrm_1920545000011122001,2021-03-25 15:40:42,2021-03-25 15:40:42,,INR,1.000000000,zcrm_1920545000032130001,,,2021-03-25 22:40:43,,,,,,,,,,,,,,,,0.0,Present for upcoming Mother's day,InBody,india@inbody.com,india@inbody.com,Zoho Campaigns
zcrm_1920545000035846004,zcrm_1920545000000097003,Zoho Campaigns,Obstetric offer,Active,,,,,,,,zcrm_1920545000000097003,zcrm_1920545000000097003,2021-03-25 15:40:41,2021-03-25 15:40:41,,INR,1.000000000,zcrm_1920545000032130001,,,2021-03-25 22:40:42,,,,,,,,,,,,,,,,0.0,Present for upcoming Mother's day,InBody,india@inbody.com,india@inbody.com,Zoho Campaigns
zcrm_1920545000036109004,zcrm_1920545000000097003,Zoho Campaigns,Obstetric offer 4,Active,,,,,,,,zcrm_1920545000000097003,zcrm_1920545000000097003,2021-04-01 14:16:29,2021-04-01 14:16:29,,INR,1.000000000,zcrm_1920545000032130001,,,2021-04-01 21:16:30,,,,,,,,,,,,,,,,0.0,Get prepared for Mother's day,InBody,india@inbody.com,india@inbody.com,Zoho Campaigns
zcrm_1920545000036116001,zcrm_1920545000011122001,Zoho Campaigns,Obstetric offer 4,Active,,,,,,,,zcrm_1920545000011122001,zcrm_1920545000011122001,2021-04-01 14:16:31,2021-04-01 14:16:31,,INR,1.000000000,zcrm_1920545000032130001,,,2021-04-01 21:16:31,,,,,,,,,,,,,,,,0.0,Get prepared for Mother's day,InBody,india@inbody.com,india@inbody.com,Zoho Campaigns
zcrm_1920545000037330047,zcrm_1920545000016756022,Referral Program,Star Project-Paediatrics (Shubham Tonk),Active,2021-05-05,2021-12-31,,,,,,zcrm_1920545000001284001,zcrm_1920545000001284001,2021-05-06 21:36:10,2021-05-06 21:39:03,,INR,1.000000000,zcrm_1920545000000091019,,2021-05-06 21:39:03,2021-05-07 04:39:03,,,,,,,,,,,,,,,,0.0,,,,,
zcrm_1920545000037418153,zcrm_1920545000000366006,Others,Team A-Research Centers and Medical Collages,Active,2021-05-01,2021-12-31,,,,,,zcrm_1920545000016756022,zcrm_1920545000016756022,2021-05-10 15:54:27,2021-05-10 21:02:24,,INR,1.000000000,zcrm_1920545000000091019,,2021-05-10 21:02:24,2021-06-16 07:52:48,,,,,,,,,,,,,,,,0.0,,,,,
zcrm_1920545000037446010,zcrm_1920545000003466001,Others,Team B- Physiotherapy & Rehab,,2021-05-01,2021-12-31,,,,,,zcrm_1920545000016756022,zcrm_1920545000016756022,2021-05-10 21:05:23,2021-05-10 21:05:23,,INR,1.000000000,zcrm_1920545000000091019,,,2021-06-03 04:58:00,,,,,,,,,,,,,,,,0.0,,,,,
zcrm_1920545000037446026,zcrm_1920545000001284001,Others,Team C- Pediatric & physiology,Active,2021-05-01,2021-12-31,,,,,,zcrm_1920545000016756022,zcrm_1920545000016756022,2021-05-10 21:07:41,2021-05-10 21:07:41,,INR,1.000000000,zcrm_1920545000000091019,,,2021-06-10 06:10:56,,,,,,,,,,,,,,,,0.0,,,,,
zcrm_1920545000038275001,zcrm_1920545000001530001,Direct mail,Pedia Endo / Pedriatitian,,2021-06-01,,,,,,,zcrm_1920545000001530001,zcrm_1920545000001530001,2021-06-05 14:05:29,2021-06-05 14:05:29,,INR,1.000000000,zcrm_1920545000000091019,,,2021-07-14 12:47:06,,,,,,,,,,,,,,,,0.0,,,,,
